player_id,player_name,competition_id,competition_name,club_id,club_name,age,position,nationality,market_value,height,foot,goals,assists,minutes_played,xg,transfer_fee,market_value_at_transfer,season,transfer_date,fee_to_value_ratio,age_at_transfer,goals_per_90,assists_per_90,goal_contributions_per_90,xg_per_90,moneyball_score,moneyball_label,shirt_number
315858,Gianluigi Donnarumma,GB1,Premier League,281,Manchester City,27,Goalkeeper,Italy,45000000.0,196.0,right,0,0,0,0.0,30000000.0,40000000.0,25/26,2025-01-09,0.6666666666666666,27,0.0,0.0,0.0,0.0,42.0,Fair Value,25
566799,James Trafford,GB1,Premier League,281,Manchester City,23,Goalkeeper,England,25000000.0,192.0,right,0,0,0,0.0,31200000.0,22000000.0,25/26,2025-07-29,1.248,23,0.0,0.0,0.0,0.0,41.1,Fair Value,1
116648,Marcus Bettinelli,GB1,Premier League,281,Manchester City,34,Goalkeeper,England,300000.0,193.0,right,0,0,0,0.0,2400000.0,600000.0,25/26,2025-10-06,8.0,34,0.0,0.0,0.0,0.0,10.0,High Risk,13
392757,Marc Guéhi,GB1,Premier League,281,Manchester City,25,Centre-Back,England,70000000.0,182.0,right,3,2,3059,0.0,23000000.0,55000000.0,25/26,2026-01-19,0.3285714285714285,25,0.088264138607388,0.058842759071592,0.14710689767898,0.0,59.9,Fair Value,15
475959,Josko Gvardiol,GB1,Premier League,281,Manchester City,24,Centre-Back,Croatia,70000000.0,185.0,left,5,0,3277,0.0,90000000.0,75000000.0,23/24,2023-05-08,1.2857142857142858,24,0.137320720170888,0.0,0.137320720170888,0.0,51.3,Fair Value,24
258004,Rúben Dias,GB1,Premier League,281,Manchester City,29,Centre-Back,Portugal,55000000.0,187.0,right,0,0,2271,0.0,71600000.0,35000000.0,20/21,2020-09-29,1.3018181818181818,29,0.0,0.0,0.0,0.0,37.3,Overpriced,3
763079,Abdukodir Khusanov,GB1,Premier League,281,Manchester City,22,Centre-Back,Uzbekistan,50000000.0,186.0,right,0,0,503,0.0,40000000.0,12000000.0,24/25,2025-01-20,0.8,22,0.0,0.0,0.0,0.0,46.5,Fair Value,45
1005575,Vitor Reis,GB1,Premier League,281,Manchester City,20,Centre-Back,Brazil,30000000.0,186.0,right,0,0,1,0.0,0.0,30000000.0,25/26,2026-06-30,0.6,20,0.0,0.0,0.0,0.0,43.0,Fair Value,12
177476,Nathan Aké,GB1,Premier League,281,Manchester City,31,Centre-Back,Netherlands,12000000.0,180.0,left,0,0,678,0.0,45300000.0,28000000.0,20/21,2020-05-08,3.775,31,0.0,0.0,0.0,0.0,23.6,High Risk,6
1121298,Juma Bah,GB1,Premier League,281,Manchester City,20,Centre-Back,Sierra Leone,10000000.0,195.0,right,0,0,0,0.0,0.0,10000000.0,25/26,2026-06-30,0.6,20,0.0,0.0,0.0,0.0,42.7,Fair Value,4
262749,David Raya,GB1,Premier League,11,Arsenal FC,30,Goalkeeper,Spain,30000000.0,186.0,right,0,0,3420,0.0,31900000.0,35000000.0,24/25,2024-04-07,1.0633333333333332,30,0.0,0.0,0.0,0.0,38.5,High Risk,1
192279,Kepa Arrizabalaga,GB1,Premier League,11,Arsenal FC,31,Goalkeeper,Spain,5000000.0,188.0,right,0,0,2790,0.0,5800000.0,10000000.0,25/26,2025-01-07,1.16,31,0.0,0.0,0.0,0.0,37.2,High Risk,13
495666,William Saliba,GB1,Premier League,11,Arsenal FC,25,Centre-Back,France,100000000.0,192.0,right,2,0,3039,0.0,0.0,30000000.0,21/22,2022-06-30,0.6,25,0.0592300098716683,0.0,0.0592300098716683,0.0,52.3,Fair Value,2
435338,Gabriel,GB1,Premier League,11,Arsenal FC,28,Centre-Back,Brazil,75000000.0,190.0,left,0,0,0,0.0,26000000.0,20000000.0,20/21,2020-01-09,0.3466666666666667,28,0.0,0.0,0.0,0.0,44.0,Fair Value,6
659813,Piero Hincapié,GB1,Premier League,11,Arsenal FC,24,Centre-Back,Ecuador,50000000.0,183.0,left,0,0,0,0.0,52000000.0,50000000.0,26/27,2026-01-07,1.04,24,0.0,0.0,0.0,0.0,42.7,Fair Value,5
646750,Cristhian Mosquera,GB1,Premier League,11,Arsenal FC,22,Centre-Back,Spain,40000000.0,191.0,right,0,0,0,0.0,15000000.0,30000000.0,25/26,2025-07-24,0.375,22,0.0,0.0,0.0,0.0,48.3,Fair Value,3
502821,Riccardo Calafiori,GB1,Premier League,11,Arsenal FC,24,Left-Back,Italy,55000000.0,188.0,left,2,1,983,0.0,43700000.0,45000000.0,24/25,2024-07-29,0.7945454545454546,24,0.1831129196337741,0.091556459816887,0.2746693794506612,0.0,61.9,Fair Value,33
420243,Jurriën Timber,GB1,Premier League,11,Arsenal FC,25,Right-Back,Netherlands,70000000.0,179.0,right,1,3,2417,0.0,40000000.0,42000000.0,23/24,2023-07-14,0.5714285714285714,25,0.0372362432767894,0.1117087298303682,0.1489449731071576,0.0,57.1,Fair Value,12
335721,Ben White,GB1,Premier League,11,Arsenal FC,28,Right-Back,England,30000000.0,186.0,right,0,2,1198,0.0,58500000.0,28000000.0,21/22,2021-07-30,1.95,28,0.0,0.1502504173622704,0.1502504173622704,0.0,41.8,Fair Value,4
423440,Martín Zubimendi,GB1,Premier League,11,Arsenal FC,27,Defensive Midfield,Spain,75000000.0,181.0,right,0,0,0,0.0,70000000.0,60000000.0,25/26,2025-06-07,0.9333333333333332,27,0.0,0.0,0.0,0.0,39.6,Overpriced,36
834397,Mike Penders,GB1,Premier League,631,Chelsea FC,20,Goalkeeper,Belgium,25000000.0,200.0,left,0,0,0,0.0,0.0,25000000.0,25/26,2026-06-30,0.6,20,0.0,0.0,0.0,0.0,42.7,Fair Value,1
403151,Robert Sánchez,GB1,Premier League,631,Chelsea FC,28,Goalkeeper,Spain,22000000.0,197.0,right,0,0,2880,0.0,23000000.0,22000000.0,23/24,2023-05-08,1.0454545454545454,28,0.0,0.0,0.0,0.0,40.5,Fair Value,1
585323,Filip Jørgensen,GB1,Premier League,631,Chelsea FC,24,Goalkeeper,Denmark,15000000.0,192.0,right,0,0,540,0.0,24500000.0,20000000.0,24/25,2024-07-30,1.6333333333333333,24,0.0,0.0,0.0,0.0,41.1,Fair Value,12
656316,Gabriel Slonina,GB1,Premier League,631,Chelsea FC,22,Goalkeeper,United States,3000000.0,193.0,right,0,0,0,0.0,0.0,4000000.0,24/25,2024-12-31,0.6,22,0.0,0.0,0.0,0.0,45.8,Fair Value,44
731466,Teddy Sharman-Lowe,GB1,Premier League,631,Chelsea FC,23,Goalkeeper,England,500000.0,189.0,right,0,0,0,0.0,0.0,550000.0,25/26,2026-01-19,0.6,23,0.0,0.0,0.0,0.0,46.7,Fair Value,28
614258,Levi Colwill,GB1,Premier League,631,Chelsea FC,23,Centre-Back,England,50000000.0,187.0,left,2,1,3149,0.0,0.0,16000000.0,22/23,2023-05-31,0.6,23,0.0571610034931724,0.0285805017465862,0.0857415052397586,0.0,54.5,Fair Value,6
346314,Trevoh Chalobah,GB1,Premier League,631,Chelsea FC,26,Centre-Back,England,40000000.0,192.0,right,0,1,910,0.0,0.0,13000000.0,24/25,2025-01-15,0.6,26,0.0,0.0989010989010989,0.0989010989010989,0.0,52.3,Fair Value,23
475411,Wesley Fofana,GB1,Premier League,631,Chelsea FC,25,Centre-Back,France,28000000.0,188.0,right,0,0,1172,0.0,80400000.0,40000000.0,22/23,2022-08-31,2.8714285714285714,25,0.0,0.0,0.0,0.0,34.2,Overpriced,29
910905,Mamadou Sarr,GB1,Premier League,631,Chelsea FC,20,Centre-Back,Senegal,22000000.0,194.0,right,0,0,0,0.0,0.0,25000000.0,25/26,2026-02-02,0.6,20,0.0,0.0,0.0,0.0,42.7,Fair Value,19
258878,Tosin Adarabioyo,GB1,Premier League,631,Chelsea FC,28,Centre-Back,England,16000000.0,197.0,right,1,1,1409,0.0,0.0,20000000.0,24/25,2024-01-07,0.6,28,0.063875088715401,0.063875088715401,0.127750177430802,0.0,50.8,Fair Value,4
502676,Giorgi Mamardashvili,GB1,Premier League,31,Liverpool FC,25,Goalkeeper,Georgia,28000000.0,197.0,left,0,0,0,0.0,0.0,30000000.0,24/25,2025-06-30,0.6,25,0.0,0.0,0.0,0.0,45.8,Fair Value,25
105470,Alisson,GB1,Premier League,31,Liverpool FC,33,Goalkeeper,Brazil,15000000.0,193.0,right,0,0,2508,0.0,72500000.0,60000000.0,18/19,2018-07-19,4.833333333333333,33,0.0,0.0,0.0,0.0,20.5,High Risk,1
486604,Vitezslav Jaros,GB1,Premier League,31,Liverpool FC,24,Goalkeeper,Czech Republic,5000000.0,190.0,right,0,0,12,0.0,0.0,5000000.0,25/26,2026-06-30,0.6,24,0.0,0.0,0.0,0.0,47.8,Fair Value,1
226049,Freddie Woodman,GB1,Premier League,31,Liverpool FC,29,Goalkeeper,England,3000000.0,188.0,right,0,0,0,0.0,0.0,3500000.0,25/26,2025-01-07,0.6,29,0.0,0.0,0.0,0.0,40.0,Fair Value,28
706815,Harvey Davies,GB1,Premier League,31,Liverpool FC,22,Goalkeeper,England,500000.0,190.0,left,0,0,0,0.0,0.0,500000.0,25/26,2026-02-02,0.6,22,0.0,0.0,0.0,0.0,45.8,Fair Value,95
1004301,Jérémy Jacquet,GB1,Premier League,31,Liverpool FC,20,Centre-Back,France,55000000.0,190.0,right,0,0,0,0.0,63600000.0,55000000.0,26/27,2026-01-07,1.1563636363636365,20,0.0,0.0,0.0,0.0,37.8,Overpriced,5
1086619,Giovanni Leoni,GB1,Premier League,31,Liverpool FC,19,Centre-Back,Italy,25000000.0,196.0,right,0,0,0,0.0,29450000.0,18000000.0,25/26,2025-08-15,1.178,19,0.0,0.0,0.0,0.0,36.1,Overpriced,15
139208,Virgil van Dijk,GB1,Premier League,31,Liverpool FC,34,Centre-Back,Netherlands,15000000.0,195.0,right,3,1,3330,0.0,84650000.0,30000000.0,17/18,2018-01-01,5.6433333333333335,34,0.081081081081081,0.027027027027027,0.1081081081081081,0.0,24.0,High Risk,4
256178,Joe Gomez,GB1,Premier League,31,Liverpool FC,29,Centre-Back,England,13000000.0,188.0,right,0,0,519,0.0,4900000.0,2500000.0,15/16,2015-01-07,0.3769230769230769,29,0.0,0.0,0.0,0.0,45.2,Fair Value,2
730861,Milos Kerkez,GB1,Premier League,31,Liverpool FC,22,Left-Back,Hungary,35000000.0,180.0,left,2,5,3336,0.0,46900000.0,45000000.0,25/26,2025-01-07,1.34,22,0.0539568345323741,0.1348920863309352,0.1888489208633093,0.0,52.7,Fair Value,6
503883,Senne Lammens,GB1,Premier League,985,Manchester United,23,Goalkeeper,Belgium,35000000.0,193.0,right,0,0,0,0.0,21000000.0,9000000.0,25/26,2025-01-09,0.6,23,0.0,0.0,0.0,0.0,46.7,Fair Value,31
234509,André Onana,GB1,Premier League,985,Manchester United,30,Goalkeeper,Cameroon,10000000.0,190.0,right,0,0,3060,0.0,0.0,10000000.0,25/26,2026-06-30,0.6,30,0.0,0.0,0.0,0.0,42.7,Fair Value,24
336077,Altay Bayındır,GB1,Premier League,985,Manchester United,28,Goalkeeper,Türkiye,5000000.0,198.0,right,0,0,360,0.0,5000000.0,11000000.0,23/24,2023-01-09,1.0,28,0.0,0.0,0.0,0.0,40.0,Fair Value,1
34130,Tom Heaton,GB1,Premier League,985,Manchester United,40,Goalkeeper,England,100000.0,188.0,right,0,0,0,0.0,0.0,1000000.0,21/22,2021-02-07,0.6,40,0.0,0.0,0.0,0.0,38.5,Overpriced,22
923831,Leny Yoro,GB1,Premier League,985,Manchester United,20,Centre-Back,France,50000000.0,190.0,right,0,0,1165,0.0,62000000.0,50000000.0,24/25,2024-07-18,1.24,20,0.0,0.0,0.0,0.0,40.1,Fair Value,15
480762,Lisandro Martínez,GB1,Premier League,985,Manchester United,28,Centre-Back,Argentina,40000000.0,175.0,left,2,1,1751,0.0,57370000.0,32000000.0,22/23,2022-07-27,1.43425,28,0.1027984009137635,0.0513992004568817,0.1541976013706453,0.0,45.4,Fair Value,6
326031,Matthijs de Ligt,GB1,Premier League,985,Manchester United,26,Centre-Back,Netherlands,30000000.0,189.0,right,2,0,2123,0.0,45000000.0,65000000.0,24/25,2024-08-13,1.5,26,0.0847856806406029,0.0,0.0847856806406029,0.0,44.6,Fair Value,4
1078163,Ayden Heaven,GB1,Premier League,985,Manchester United,19,Centre-Back,England,30000000.0,189.0,left,0,0,170,0.0,1800000.0,300000.0,24/25,2025-01-02,0.06,19,0.0,0.0,0.0,0.0,50.2,Fair Value,26
177907,Harry Maguire,GB1,Premier League,985,Manchester United,33,Centre-Back,England,8000000.0,194.0,right,1,0,1758,0.0,87000000.0,50000000.0,19/20,2019-05-08,10.875,33,0.0511945392491467,0.0,0.0511945392491467,0.0,11.2,High Risk,5
911424,Tyler Fredricson,GB1,Premier League,985,Manchester United,21,Centre-Back,England,3000000.0,188.0,right,0,0,165,0.0,0.0,3000000.0,25/26,2026-01-04,0.6,21,0.0,0.0,0.0,0.0,46.5,Fair Value,33
565093,Bart Verbruggen,GB1,Premier League,1237,Brighton & Hove Albion,23,Goalkeeper,Netherlands,40000000.0,193.0,right,0,1,3240,0.0,20000000.0,10000000.0,23/24,2023-03-07,0.5,23,0.0,0.0277777777777777,0.0277777777777777,0.0,52.6,Fair Value,1
646353,Carl Rushworth,GB1,Premier League,1237,Brighton & Hove Albion,25,Goalkeeper,England,16000000.0,191.0,left,0,0,0,0.0,0.0,16000000.0,25/26,2026-05-31,0.6,25,0.0,0.0,0.0,0.0,45.8,Fair Value,19
670860,James Beadle,GB1,Premier League,1237,Brighton & Hove Albion,21,Goalkeeper,England,6000000.0,201.0,right,0,0,0,0.0,0.0,6000000.0,,,0.6,21,0.0,0.0,0.0,0.0,44.4,Fair Value,25
73564,Jason Steele,GB1,Premier League,1237,Brighton & Hove Albion,35,Goalkeeper,England,500000.0,188.0,right,0,0,180,0.0,0.0,750000.0,18/19,2018-01-07,0.6,35,0.0,0.0,0.0,0.0,40.7,Fair Value,23
406556,Tom McGill,GB1,Premier League,1237,Brighton & Hove Albion,26,Goalkeeper,Canada,500000.0,185.0,right,0,0,0,0.0,0.0,600000.0,24/25,2025-03-02,0.6,26,0.0,0.0,0.0,0.0,44.4,Fair Value,38
410708,Pascal Struijk,GB1,Premier League,1237,Brighton & Hove Albion,26,Centre-Back,Netherlands,22000000.0,190.0,left,0,0,0,0.0,23200000.0,22000000.0,26/27,2026-01-07,1.0545454545454545,26,0.0,0.0,0.0,0.0,40.3,Fair Value,5
660860,Diego Coppola,GB1,Premier League,1237,Brighton & Hove Albion,22,Centre-Back,Italy,18000000.0,193.0,right,0,0,0,0.0,0.0,18000000.0,25/26,2026-06-30,0.6,22,0.0,0.0,0.0,0.0,45.8,Fair Value,6
318508,Olivier Boscagli,GB1,Premier League,1237,Brighton & Hove Albion,28,Centre-Back,France,15000000.0,181.0,left,0,0,0,0.0,0.0,20000000.0,25/26,2025-02-07,0.6,28,0.0,0.0,0.0,0.0,41.2,Fair Value,21
380350,Igor Julio,GB1,Premier League,1237,Brighton & Hove Albion,28,Centre-Back,Brazil,10000000.0,188.0,left,0,0,0,0.0,0.0,15000000.0,25/26,2026-01-27,0.6,28,0.0,0.0,0.0,0.0,41.2,Fair Value,3
581330,Eiran Cashin,GB1,Premier League,1237,Brighton & Hove Albion,24,Centre-Back,Ireland,5000000.0,184.0,left,0,0,20,0.0,0.0,7000000.0,25/26,2026-06-01,0.6,24,0.0,0.0,0.0,0.0,48.0,Fair Value,20
923757,Ewen Jaouen,GB1,Premier League,762,Newcastle United,20,Goalkeeper,France,12000000.0,200.0,right,0,0,0,0.0,21500000.0,12000000.0,26/27,2026-01-07,1.7916666666666667,20,0.0,0.0,0.0,0.0,33.5,Overpriced,16
192080,Nick Pope,GB1,Premier League,762,Newcastle United,34,Goalkeeper,England,5000000.0,198.0,right,0,0,2520,0.0,11500000.0,15000000.0,22/23,2022-01-07,2.3,34,0.0,0.0,0.0,0.0,29.9,High Risk,1
142389,Mark Gillespie,GB1,Premier League,762,Newcastle United,34,Goalkeeper,England,100000.0,191.0,right,0,0,0,0.0,0.0,400000.0,20/21,2020-03-07,0.6,34,0.0,0.0,0.0,0.0,38.5,Overpriced,29
521964,Malick Thiaw,GB1,Premier League,762,Newcastle United,24,Centre-Back,Germany,45000000.0,194.0,right,0,0,0,0.0,35000000.0,18000000.0,25/26,2025-12-08,0.7777777777777778,24,0.0,0.0,0.0,0.0,45.0,Fair Value,12
361093,Sven Botman,GB1,Premier League,762,Newcastle United,26,Centre-Back,Netherlands,35000000.0,193.0,left,0,0,412,0.0,37000000.0,30000000.0,22/23,2022-01-07,1.0571428571428572,26,0.0,0.0,0.0,0.0,42.8,Fair Value,4
135343,Fabian Schär,GB1,Premier League,762,Newcastle United,34,Centre-Back,Switzerland,4000000.0,186.0,right,4,0,2934,0.0,4000000.0,3000000.0,18/19,2018-07-26,1.0,34,0.1226993865030674,0.0,0.1226993865030674,0.0,44.5,Fair Value,5
134270,Dan Burn,GB1,Premier League,762,Newcastle United,34,Centre-Back,England,4000000.0,201.0,left,1,1,3330,0.0,15000000.0,3500000.0,21/22,2022-01-31,3.75,34,0.027027027027027,0.027027027027027,0.054054054054054,0.0,26.7,High Risk,33
670858,Lewis Hall,GB1,Premier League,762,Newcastle United,21,Left-Back,England,40000000.0,179.0,left,0,4,2189,0.0,33000000.0,18000000.0,24/25,2024-01-07,0.825,21,0.0,0.1644586569209684,0.1644586569209684,0.0,53.9,Fair Value,3
900601,Alex Murphy,GB1,Premier League,762,Newcastle United,22,Left-Back,Ireland,1500000.0,188.0,left,0,0,0,0.0,0.0,300000.0,25/26,2025-01-07,0.6,22,0.0,0.0,0.0,0.0,45.8,Fair Value,37
503981,Tino Livramento,GB1,Premier League,762,Newcastle United,23,Right-Back,England,45000000.0,182.0,right,0,1,2840,0.0,37200000.0,25000000.0,23/24,2023-08-08,0.8266666666666667,23,0.0,0.0316901408450704,0.0316901408450704,0.0,49.5,Fair Value,21
465555,Djordje Petrovic,GB1,Premier League,989,AFC Bournemouth,26,Goalkeeper,Serbia,28000000.0,194.0,right,0,0,0,0.0,28900000.0,20000000.0,25/26,2025-07-16,1.0321428571428573,26,0.0,0.0,0.0,0.0,40.4,Fair Value,1
617009,Alex Paulsen,GB1,Premier League,989,AFC Bournemouth,23,Goalkeeper,New Zealand,500000.0,193.0,right,0,0,0,0.0,0.0,500000.0,25/26,2026-06-30,0.6,23,0.0,0.0,0.0,0.0,46.7,Fair Value,18
52570,Fraser Forster,GB1,Premier League,989,AFC Bournemouth,38,Goalkeeper,England,400000.0,201.0,right,0,0,630,0.0,0.0,600000.0,25/26,2026-02-01,0.6,38,0.0,0.0,0.0,0.0,41.2,Fair Value,17
582078,Will Dennis,GB1,Premier League,989,AFC Bournemouth,25,Goalkeeper,England,325000.0,188.0,right,0,0,0,0.0,0.0,325000.0,25/26,2026-06-30,0.6,25,0.0,0.0,0.0,0.0,45.8,Fair Value,12
463605,Bafodé Diakité,GB1,Premier League,989,AFC Bournemouth,25,Centre-Back,France,25000000.0,184.0,right,0,0,0,0.0,35000000.0,28000000.0,25/26,2025-08-13,1.4,25,0.0,0.0,0.0,0.0,39.2,Overpriced,18
611793,James Hill,GB1,Premier League,989,AFC Bournemouth,24,Centre-Back,England,23000000.0,184.0,right,0,1,448,0.0,0.0,2000000.0,23/24,2024-10-01,0.6,24,0.0,0.2008928571428571,0.2008928571428571,0.0,59.6,Fair Value,23
989112,Veljko Milosavljevic,GB1,Premier League,989,AFC Bournemouth,19,Centre-Back,Serbia,20000000.0,192.0,right,0,0,0,0.0,15000000.0,1000000.0,25/26,2025-01-09,0.75,19,0.0,0.0,0.0,0.0,39.7,Overpriced,44
994604,Matai Akinmboni,GB1,Premier League,989,AFC Bournemouth,19,Centre-Back,United States,1000000.0,188.0,left,0,0,0,0.0,1500000.0,1000000.0,24/25,2025-03-01,1.5,19,0.0,0.0,0.0,0.0,33.8,Overpriced,45
654539,Adrien Truffert,GB1,Premier League,989,AFC Bournemouth,24,Left-Back,France,30000000.0,176.0,left,0,0,0,0.0,13500000.0,15000000.0,25/26,2025-01-07,0.45,24,0.0,0.0,0.0,0.0,48.3,Fair Value,3
1009658,Julio Soler,GB1,Premier League,989,AFC Bournemouth,21,Left-Back,Argentina,8000000.0,175.0,left,0,0,11,0.0,8000000.0,8000000.0,24/25,2025-07-01,1.0,21,0.0,0.0,0.0,0.0,41.7,Fair Value,6
111873,Emiliano Martínez,GB1,Premier League,405,Aston Villa,33,Goalkeeper,Argentina,12000000.0,195.0,right,0,0,3194,0.0,17400000.0,8000000.0,20/21,2020-09-16,1.45,33,0.0,0.0,0.0,0.0,34.9,High Risk,23
555074,Oliwier Zych,GB1,Premier League,405,Aston Villa,22,Goalkeeper,Poland,2000000.0,193.0,right,0,0,0,0.0,0.0,2000000.0,25/26,2026-06-30,0.6,22,0.0,0.0,0.0,0.0,45.8,Fair Value,48
124884,Marco Bizot,GB1,Premier League,405,Aston Villa,35,Goalkeeper,Netherlands,1500000.0,193.0,right,0,0,0,0.0,500000.0,3000000.0,25/26,2025-07-15,0.3333333333333333,35,0.0,0.0,0.0,0.0,41.5,Fair Value,40
591844,Joe Gauci,GB1,Premier League,405,Aston Villa,25,Goalkeeper,Australia,1200000.0,194.0,right,0,0,0,0.0,0.0,1200000.0,25/26,2026-06-30,0.6,25,0.0,0.0,0.0,0.0,45.8,Fair Value,18
413403,Ezri Konsa,GB1,Premier League,405,Aston Villa,28,Centre-Back,England,40000000.0,180.0,right,2,0,2936,0.0,13300000.0,3500000.0,19/20,2019-11-07,0.3325,28,0.0613079019073569,0.0,0.0613079019073569,0.0,50.7,Fair Value,4
399776,Pau Torres,GB1,Premier League,405,Aston Villa,29,Centre-Back,Spain,20000000.0,192.0,left,0,0,2020,0.0,33000000.0,45000000.0,23/24,2023-12-07,1.65,29,0.0,0.0,0.0,0.0,34.9,Overpriced,14
1282860,Modou Kéba Cissé,GB1,Premier League,405,Aston Villa,20,Centre-Back,Senegal,6000000.0,191.0,,0,0,0,0.0,5500000.0,6000000.0,26/27,2026-01-07,0.9166666666666666,20,0.0,0.0,0.0,0.0,39.7,Overpriced,48
184573,Victor Lindelöf,GB1,Premier League,405,Aston Villa,31,Centre-Back,Sweden,5000000.0,187.0,right,0,0,704,0.0,0.0,8000000.0,25/26,2025-01-09,0.6,31,0.0,0.0,0.0,0.0,41.6,Fair Value,3
253677,Tyrone Mings,GB1,Premier League,405,Aston Villa,33,Centre-Back,England,3000000.0,196.0,left,0,0,1120,0.0,22300000.0,5000000.0,19/20,2019-08-07,7.433333333333334,33,0.0,0.0,0.0,0.0,14.1,High Risk,5
485585,Ian Maatsen,GB1,Premier League,405,Aston Villa,24,Left-Back,Netherlands,30000000.0,178.0,left,1,2,1139,0.0,44500000.0,40000000.0,24/25,2024-01-07,1.4833333333333334,24,0.0790166812993854,0.1580333625987708,0.2370500438981562,0.0,54.6,Fair Value,22
432914,John Victor,GB1,Premier League,703,Nottingham Forest,30,Goalkeeper,Brazil,5000000.0,197.0,right,0,0,0,0.0,8000000.0,8000000.0,25/26,2025-08-31,1.6,30,0.0,0.0,0.0,0.0,31.3,High Risk,13
127202,Matz Sels,GB1,Premier League,703,Nottingham Forest,34,Goalkeeper,Belgium,3500000.0,188.0,right,0,0,3420,0.0,6500000.0,7000000.0,23/24,2024-01-02,1.8571428571428568,34,0.0,0.0,0.0,0.0,32.4,High Risk,26
1005649,Murillo,GB1,Premier League,703,Nottingham Forest,23,Centre-Back,Brazil,50000000.0,180.0,left,2,0,3188,0.0,12000000.0,3500000.0,23/24,2023-08-31,0.24,23,0.0564617314930991,0.0,0.0564617314930991,0.0,57.2,Fair Value,5
413507,Nikola Milenković,GB1,Premier League,703,Nottingham Forest,28,Centre-Back,Serbia,28000000.0,195.0,right,5,2,3330,0.0,12300000.0,15000000.0,24/25,2024-07-18,0.4392857142857143,28,0.1351351351351351,0.054054054054054,0.1891891891891892,0.0,56.1,Fair Value,31
984096,Jair Cunha,GB1,Premier League,703,Nottingham Forest,21,Centre-Back,Brazil,15000000.0,198.0,both,0,0,0,0.0,12000000.0,13000000.0,25/26,2025-11-07,0.8,21,0.0,0.0,0.0,0.0,42.4,Fair Value,23
673492,Morato,GB1,Premier League,703,Nottingham Forest,25,Centre-Back,Brazil,14000000.0,192.0,left,0,0,907,0.0,11000000.0,15000000.0,24/25,2024-08-30,0.7857142857142857,25,0.0,0.0,0.0,0.0,46.9,Fair Value,4
933017,Zach Abbott,GB1,Premier League,703,Nottingham Forest,20,Centre-Back,England,4000000.0,180.0,right,0,0,0,0.0,0.0,300000.0,25/26,2025-01-07,0.6,20,0.0,0.0,0.0,0.0,42.7,Fair Value,44
1007720,Tyler Bindon,GB1,Premier League,703,Nottingham Forest,21,Centre-Back,New Zealand,3500000.0,190.0,right,0,0,0,0.0,0.0,3500000.0,25/26,2026-06-30,0.6,21,0.0,0.0,0.0,0.0,44.4,Fair Value,6
503680,Neco Williams,GB1,Premier League,703,Nottingham Forest,25,Left-Back,Wales,28000000.0,183.0,right,1,3,2594,0.0,20000000.0,8000000.0,22/23,2022-10-07,0.7142857142857143,25,0.0346954510408635,0.1040863531225906,0.1387818041634541,0.0,55.2,Fair Value,3
524285,Luca Netz,GB1,Premier League,703,Nottingham Forest,23,Left-Back,Germany,8000000.0,184.0,left,0,0,0,0.0,2500000.0,6000000.0,25/26,2026-02-02,0.3125,23,0.0,0.0,0.0,0.0,50.0,Fair Value,25
258919,Dean Henderson,GB1,Premier League,873,Crystal Palace,29,Goalkeeper,England,28000000.0,188.0,right,0,0,3420,0.0,17500000.0,18000000.0,23/24,2023-08-31,0.625,29,0.0,0.0,0.0,0.0,43.2,Fair Value,1
296802,Walter Benítez,GB1,Premier League,873,Crystal Palace,33,Goalkeeper,Argentina,4000000.0,191.0,right,0,0,0,0.0,0.0,7500000.0,25/26,2025-01-07,0.6,33,0.0,0.0,0.0,0.0,38.5,Overpriced,44
814848,Owen Goodman,GB1,Premier League,873,Crystal Palace,22,Goalkeeper,Canada,550000.0,193.0,left,0,0,0,0.0,0.0,550000.0,25/26,2026-08-01,0.6,22,0.0,0.0,0.0,0.0,45.8,Fair Value,1
196722,Remi Matthews,GB1,Premier League,873,Crystal Palace,32,Goalkeeper,England,200000.0,183.0,right,0,0,0,0.0,0.0,350000.0,22/23,2023-05-31,0.6,32,0.0,0.0,0.0,0.0,38.6,Overpriced,31
434224,Maxence Lacroix,GB1,Premier League,873,Crystal Palace,26,Centre-Back,France,50000000.0,190.0,right,1,1,3116,0.0,18000000.0,20000000.0,24/25,2024-08-30,0.36,26,0.0288831835686777,0.0288831835686777,0.0577663671373555,0.0,53.4,Fair Value,5
1006411,Jaydee Canvot,GB1,Premier League,873,Crystal Palace,19,Centre-Back,France,28000000.0,188.0,right,0,0,0,0.0,23000000.0,4000000.0,25/26,2025-01-09,0.8214285714285714,19,0.0,0.0,0.0,0.0,39.1,Overpriced,23
578539,Chris Richards,GB1,Premier League,873,Crystal Palace,26,Centre-Back,United States,28000000.0,189.0,right,1,0,1922,0.0,12000000.0,7500000.0,22/23,2022-07-27,0.4285714285714285,26,0.0468262226847034,0.0,0.0468262226847034,0.0,51.8,Fair Value,26
689637,Chadi Riad,GB1,Premier League,873,Crystal Palace,23,Centre-Back,Morocco,15000000.0,186.0,left,0,0,90,0.0,15000000.0,15000000.0,24/25,2024-02-07,1.0,23,0.0,0.0,0.0,0.0,44.9,Fair Value,34
730893,Tyrick Mitchell,GB1,Premier League,873,Crystal Palace,26,Left-Back,England,25000000.0,181.0,left,0,5,3092,0.0,0.0,0.0,20/21,2020-01-07,1.0,26,0.0,0.1455368693402328,0.1455368693402328,0.0,51.6,Fair Value,3
293194,Borna Sosa,GB1,Premier League,873,Crystal Palace,28,Left-Back,Croatia,3000000.0,187.0,left,0,0,0,0.0,2300000.0,4500000.0,25/26,2025-11-07,0.7666666666666667,28,0.0,0.0,0.0,0.0,39.6,Overpriced,24
340918,Caoimhín Kelleher,GB1,Premier League,1148,Brentford FC,27,Goalkeeper,Ireland,28000000.0,188.0,right,0,0,900,0.0,14800000.0,20000000.0,25/26,2025-01-07,0.5285714285714286,27,0.0,0.0,0.0,0.0,46.3,Fair Value,1
488935,Hákon Valdimarsson,GB1,Premier League,1148,Brentford FC,24,Goalkeeper,Iceland,2500000.0,195.0,right,0,0,145,0.0,3000000.0,1800000.0,23/24,2024-01-26,1.2,24,0.0,0.0,0.0,0.0,43.6,Fair Value,12
741236,Matthew Cox,GB1,Premier League,1148,Brentford FC,23,Goalkeeper,England,700000.0,183.0,right,0,0,0,0.0,0.0,700000.0,25/26,2026-05-31,0.6,23,0.0,0.0,0.0,0.0,46.7,Fair Value,1
456292,Ellery Balcombe,GB1,Premier League,1148,Brentford FC,26,Goalkeeper,England,400000.0,190.0,right,0,0,0,0.0,0.0,400000.0,24/25,2025-06-30,0.6,26,0.0,0.0,0.0,0.0,44.4,Fair Value,31
1008553,Julian Eyestone,GB1,Premier League,1148,Brentford FC,20,Goalkeeper,United States,10000000.0,200.0,right,0,0,0,0.0,0.0,0.0,25/26,2025-04-07,1.0,20,0.0,0.0,0.0,0.0,39.0,Overpriced,41
541231,Sepp van den Berg,GB1,Premier League,1148,Brentford FC,24,Centre-Back,Netherlands,32000000.0,192.0,right,0,0,2586,0.0,23600000.0,12000000.0,24/25,2024-08-22,0.7375,24,0.0,0.0,0.0,0.0,48.7,Fair Value,4
469050,Nathan Collins,GB1,Premier League,1148,Brentford FC,25,Centre-Back,Ireland,30000000.0,193.0,right,2,3,3420,0.0,26850000.0,22000000.0,23/24,2023-04-07,0.895,25,0.0526315789473684,0.0789473684210526,0.131578947368421,0.0,53.3,Fair Value,22
915418,Jannik Schuster,GB1,Premier League,1148,Brentford FC,20,Centre-Back,Austria,18000000.0,190.0,right,0,0,0,0.0,18000000.0,18000000.0,26/27,2026-01-07,1.0,20,0.0,0.0,0.0,0.0,39.0,Overpriced,4
328658,Kristoffer Ajer,GB1,Premier League,1148,Brentford FC,28,Centre-Back,Norway,18000000.0,198.0,right,0,0,1438,0.0,15700000.0,7000000.0,21/22,2021-07-21,0.8722222222222222,28,0.0,0.0,0.0,0.0,41.7,Fair Value,20
442248,Ethan Pinnock,GB1,Premier League,1148,Brentford FC,33,Centre-Back,Jamaica,3000000.0,194.0,left,2,0,1913,0.0,3350000.0,500000.0,19/20,2019-02-07,1.1166666666666667,33,0.0940930475692629,0.0,0.0940930475692629,0.0,42.0,High Risk,5
130164,Jordan Pickford,GB1,Premier League,29,Everton FC,32,Goalkeeper,England,13000000.0,185.0,left,0,1,3420,0.0,28500000.0,15000000.0,17/18,2017-01-07,2.1923076923076925,32,0.0,0.0263157894736842,0.0263157894736842,0.0,32.0,High Risk,1
357658,Mark Travers,GB1,Premier League,29,Everton FC,27,Goalkeeper,Ireland,3000000.0,191.0,right,0,0,450,0.0,4600000.0,4000000.0,25/26,2025-07-15,1.5333333333333334,27,0.0,0.0,0.0,0.0,37.7,Overpriced,12
215810,Tom King,GB1,Premier League,29,Everton FC,31,Goalkeeper,Wales,100000.0,194.0,right,0,0,1,0.0,0.0,200000.0,25/26,2025-08-15,0.6,31,0.0,0.0,0.0,0.0,39.1,Overpriced,31
661053,Jarrad Branthwaite,GB1,Premier League,29,Everton FC,24,Centre-Back,England,40000000.0,195.0,left,0,1,2511,0.0,0.0,10000000.0,22/23,2023-06-30,0.6,24,0.0,0.03584229390681,0.03584229390681,0.0,51.9,Fair Value,32
173504,James Tarkowski,GB1,Premier League,29,Everton FC,33,Centre-Back,England,5000000.0,185.0,right,1,1,2922,0.0,0.0,22000000.0,22/23,2022-02-07,0.6,33,0.0308008213552361,0.0308008213552361,0.0616016427104722,0.0,45.1,Fair Value,6
118534,Michael Keane,GB1,Premier League,29,Everton FC,33,Centre-Back,England,3000000.0,188.0,right,3,0,1049,0.0,28500000.0,18000000.0,17/18,2017-03-07,9.5,33,0.2573879885605338,0.0,0.2573879885605338,0.0,23.7,High Risk,5
404842,Vitaliy Mykolenko,GB1,Premier League,29,Everton FC,27,Left-Back,Ukraine,25000000.0,180.0,left,1,2,3082,0.0,23500000.0,17000000.0,21/22,2022-01-01,0.94,27,0.0292018170019467,0.0584036340038935,0.0876054510058403,0.0,47.4,Fair Value,16
938146,Adam Aznou,GB1,Premier League,29,Everton FC,20,Left-Back,Morocco,6000000.0,178.0,left,0,0,0,0.0,9000000.0,4000000.0,25/26,2025-07-29,1.5,20,0.0,0.0,0.0,0.0,35.3,Overpriced,39
711544,Jake O'Brien,GB1,Premier League,29,Everton FC,25,Right-Back,Ireland,18000000.0,197.0,right,2,0,1571,0.0,19500000.0,12000000.0,24/25,2024-07-30,1.0833333333333333,25,0.1145767027371101,0.0,0.1145767027371101,0.0,50.5,Fair Value,15
424015,Nathan Patterson,GB1,Premier League,29,Everton FC,24,Right-Back,Scotland,10000000.0,183.0,right,0,1,347,0.0,14000000.0,3000000.0,21/22,2022-04-01,1.4,24,0.0,0.2593659942363112,0.2593659942363112,0.0,55.8,Fair Value,2
646991,Robin Roefs,GB1,Premier League,289,Sunderland AFC,23,Goalkeeper,Netherlands,28000000.0,193.0,left,0,0,0,0.0,10500000.0,4000000.0,25/26,2025-01-08,0.375,23,0.0,0.0,0.0,0.0,49.2,Fair Value,22
475946,Anthony Patterson,GB1,Premier League,289,Sunderland AFC,26,Goalkeeper,England,8000000.0,189.0,right,0,0,0,0.0,0.0,8000000.0,25/26,2026-06-30,0.6,26,0.0,0.0,0.0,0.0,44.4,Fair Value,13
605426,Melker Ellborg,GB1,Premier League,289,Sunderland AFC,23,Goalkeeper,Sweden,3000000.0,191.0,right,0,0,0,0.0,3450000.0,500000.0,25/26,2026-01-02,1.15,23,0.0,0.0,0.0,0.0,41.8,Fair Value,31
123536,Simon Moore,GB1,Premier League,289,Sunderland AFC,36,Goalkeeper,England,75000.0,191.0,right,0,0,0,0.0,0.0,200000.0,24/25,2024-01-07,0.6,36,0.0,0.0,0.0,0.0,38.5,Overpriced,21
503686,Dan Ballard,GB1,Premier League,289,Sunderland AFC,26,Centre-Back,Northern Ireland,20000000.0,187.0,right,0,0,0,0.0,2300000.0,2000000.0,22/23,2022-01-07,0.115,26,0.0,0.0,0.0,0.0,50.3,Fair Value,5
353032,Omar Alderete,GB1,Premier League,289,Sunderland AFC,29,Centre-Back,Paraguay,13000000.0,190.0,left,0,0,0,0.0,11600000.0,8000000.0,25/26,2025-12-08,0.8923076923076924,29,0.0,0.0,0.0,0.0,37.3,Overpriced,15
617755,Jenson Seelt,GB1,Premier League,289,Sunderland AFC,23,Centre-Back,Netherlands,5000000.0,195.0,right,0,0,0,0.0,0.0,5000000.0,25/26,2026-06-30,0.6,23,0.0,0.0,0.0,0.0,46.7,Fair Value,14
661208,Leo Hjelde,GB1,Premier League,289,Sunderland AFC,22,Centre-Back,Norway,1500000.0,190.0,left,0,0,0,0.0,0.0,1500000.0,25/26,2026-06-30,0.6,22,0.0,0.0,0.0,0.0,45.8,Fair Value,5
502065,Aji Alese,GB1,Premier League,289,Sunderland AFC,25,Centre-Back,England,700000.0,192.0,left,0,0,0,0.0,0.0,700000.0,25/26,2026-06-30,0.6,25,0.0,0.0,0.0,0.0,45.8,Fair Value,34
282939,Luke O'Nien,GB1,Premier League,289,Sunderland AFC,31,Centre-Back,England,700000.0,174.0,right,0,0,0,0.0,0.0,150000.0,18/19,2018-07-30,0.6,31,0.0,0.0,0.0,0.0,38.9,Overpriced,13
352041,Lucas Perri,GB1,Premier League,399,Leeds United,28,Goalkeeper,Brazil,10000000.0,197.0,right,0,0,0,0.0,16000000.0,10000000.0,25/26,2025-07-26,1.6,28,0.0,0.0,0.0,0.0,33.2,Overpriced,1
99397,Karl Darlow,GB1,Premier League,399,Leeds United,35,Goalkeeper,Wales,200000.0,190.0,right,0,0,0,0.0,400000.0,1000000.0,23/24,2023-07-29,2.0,35,0.0,0.0,0.0,0.0,28.1,High Risk,26
194386,Alex Cairns,GB1,Premier League,399,Leeds United,33,Goalkeeper,England,50000.0,183.0,right,0,0,0,0.0,0.0,175000.0,24/25,2024-08-07,0.6,33,0.0,0.0,0.0,0.0,38.5,Overpriced,21
371851,Jaka Bijol,GB1,Premier League,399,Leeds United,27,Centre-Back,Slovenia,20000000.0,190.0,right,0,0,0,0.0,18000000.0,18000000.0,25/26,2025-01-07,0.9,27,0.0,0.0,0.0,0.0,39.9,Overpriced,15
297212,Joe Rodon,GB1,Premier League,399,Leeds United,28,Centre-Back,Wales,18000000.0,193.0,right,0,0,0,0.0,11800000.0,8000000.0,24/25,2024-02-07,0.6555555555555556,28,0.0,0.0,0.0,0.0,40.6,Fair Value,6
338629,Sebastiaan Bornauw,GB1,Premier League,399,Leeds United,27,Centre-Back,Belgium,8000000.0,191.0,right,0,0,0,0.0,6000000.0,6000000.0,25/26,2025-01-07,0.75,27,0.0,0.0,0.0,0.0,41.2,Fair Value,23
263361,Maximilian Wöber,GB1,Premier League,399,Leeds United,28,Centre-Back,Austria,3000000.0,188.0,left,0,0,0,0.0,0.0,3000000.0,25/26,2026-06-30,0.6,28,0.0,0.0,0.0,0.0,41.2,Fair Value,39
362108,Gabriel Gudmundsson,GB1,Premier League,399,Leeds United,27,Left-Back,Sweden,20000000.0,181.0,left,0,0,0,0.0,11600000.0,7000000.0,25/26,2025-08-07,0.58,27,0.0,0.0,0.0,0.0,42.9,Fair Value,3
449597,Isaac Schmidt,GB1,Premier League,399,Leeds United,26,Left-Back,Switzerland,2200000.0,172.0,right,0,0,0,0.0,0.0,2200000.0,25/26,2026-06-30,0.6,26,0.0,0.0,0.0,0.0,44.4,Fair Value,23
236953,Sam Byram,GB1,Premier League,399,Leeds United,32,Left-Back,England,400000.0,183.0,right,0,0,0,0.0,0.0,1000000.0,23/24,2023-05-08,0.6,32,0.0,0.0,0.0,0.0,38.6,Overpriced,25
72476,Bernd Leno,GB1,Premier League,931,Fulham FC,34,Goalkeeper,Germany,6000000.0,190.0,right,0,1,3420,0.0,3600000.0,9000000.0,22/23,2022-02-08,0.6,34,0.0,0.0263157894736842,0.0263157894736842,0.0,43.3,Fair Value,1
127181,Benjamin Lecomte,GB1,Premier League,931,Fulham FC,35,Goalkeeper,France,800000.0,186.0,left,0,0,0,0.0,500000.0,1500000.0,25/26,2025-07-26,0.625,35,0.0,0.0,0.0,0.0,38.2,Overpriced,23
461883,Calvin Bassey,GB1,Premier League,931,Fulham FC,26,Centre-Back,Nigeria,28000000.0,185.0,left,1,0,3074,0.0,22500000.0,15000000.0,23/24,2023-07-28,0.8035714285714286,26,0.029277813923227,0.0,0.029277813923227,0.0,47.3,Fair Value,3
260827,Joachim Andersen,GB1,Premier League,931,Fulham FC,30,Centre-Back,Denmark,20000000.0,192.0,right,0,0,90,0.0,29500000.0,35000000.0,24/25,2024-08-23,1.475,30,0.0,0.0,0.0,0.0,34.0,High Risk,5
494880,Jorge Cuenca,GB1,Premier League,931,Fulham FC,26,Centre-Back,Spain,8000000.0,190.0,left,0,0,351,0.0,6700000.0,6000000.0,24/25,2024-03-08,0.8375,26,0.0,0.0,0.0,0.0,44.6,Fair Value,15
272622,Issa Diop,GB1,Premier League,931,Fulham FC,29,Centre-Back,Morocco,8000000.0,194.0,right,0,0,1339,0.0,17800000.0,10000000.0,22/23,2022-10-08,2.225,29,0.0,0.0,0.0,0.0,31.5,Overpriced,31
392775,Ryan Sessegnon,GB1,Premier League,931,Fulham FC,26,Left-Back,England,22000000.0,178.0,left,4,2,580,0.0,0.0,10000000.0,24/25,2024-07-26,0.6,26,0.6206896551724138,0.3103448275862069,0.9310344827586208,0.0,95.0,Bargain,30
349701,Antonee Robinson,GB1,Premier League,931,Fulham FC,28,Left-Back,United States,22000000.0,183.0,left,0,10,3167,0.0,0.0,22000000.0,,,0.6,28,0.0,0.2841806125670982,0.2841806125670982,0.0,59.2,Fair Value,33
206746,Kenny Tete,GB1,Premier League,931,Fulham FC,30,Right-Back,Netherlands,8000000.0,180.0,right,0,2,1774,0.0,3200000.0,5500000.0,20/21,2020-10-09,0.4,30,0.0,0.1014656144306651,0.1014656144306651,0.0,49.9,Fair Value,2
262226,Timothy Castagne,GB1,Premier League,931,Fulham FC,30,Right-Back,Belgium,8000000.0,185.0,right,0,1,1649,0.0,13000000.0,25000000.0,23/24,2023-08-29,1.625,30,0.0,0.0545785324439054,0.0545785324439054,0.0,37.0,High Risk,21
208379,Christian Walton,GB1,Premier League,677,Ipswich Town,30,Goalkeeper,England,2500000.0,195.0,left,0,0,630,0.0,0.0,800000.0,21/22,2022-01-19,0.6,30,0.0,0.0,0.0,0.0,42.0,Fair Value,28
245625,Alex Palmer,GB1,Premier League,677,Ipswich Town,29,Goalkeeper,England,1000000.0,191.0,right,0,0,1170,0.0,2400000.0,1200000.0,24/25,2025-03-02,2.4,29,0.0,0.0,0.0,0.0,30.6,Overpriced,1
621997,Cieran Slicker,GB1,Premier League,677,Ipswich Town,23,Goalkeeper,Scotland,350000.0,191.0,,0,0,0,0.0,0.0,350000.0,25/26,2026-05-31,0.6,23,0.0,0.0,0.0,0.0,46.7,Fair Value,29
61814,David Button,GB1,Premier League,677,Ipswich Town,37,Goalkeeper,England,50000.0,191.0,right,0,0,0,0.0,0.0,50000.0,25/26,2025-04-07,0.6,37,0.0,0.0,0.0,0.0,38.5,Overpriced,27
401320,Dara O'Shea,GB1,Premier League,677,Ipswich Town,27,Centre-Back,Ireland,16000000.0,189.0,right,0,2,3122,0.0,14200000.0,7000000.0,24/25,2024-08-25,0.8875,27,0.0,0.0576553491351697,0.0576553491351697,0.0,46.3,Fair Value,26
693095,Jacob Greaves,GB1,Premier League,677,Ipswich Town,25,Centre-Back,England,14000000.0,193.0,left,1,0,2205,0.0,21500000.0,15000000.0,24/25,2024-12-07,1.5357142857142858,25,0.0408163265306122,0.0,0.0408163265306122,0.0,43.6,Fair Value,24
364827,Cédric Kipré,GB1,Premier League,677,Ipswich Town,29,Centre-Back,Cote d'Ivoire,2000000.0,193.0,right,0,0,0,0.0,4500000.0,2000000.0,26/27,2026-01-07,2.25,29,0.0,0.0,0.0,0.0,28.3,Overpriced,4
758030,Elkan Baggott,GB1,Premier League,677,Ipswich Town,23,Centre-Back,Indonesia,200000.0,196.0,left,0,0,0,0.0,0.0,200000.0,24/25,2025-06-30,0.6,23,0.0,0.0,0.0,0.0,46.7,Fair Value,25
596446,Leif Davis,GB1,Premier League,677,Ipswich Town,26,Left-Back,England,20000000.0,182.0,left,1,2,2743,0.0,1200000.0,800000.0,22/23,2022-07-25,0.06,26,0.0328107911046299,0.0656215822092599,0.0984323733138899,0.0,59.6,Fair Value,3
468002,Ben Johnson,GB1,Premier League,677,Ipswich Town,26,Right-Back,England,6000000.0,184.0,right,1,2,1354,0.0,0.0,8000000.0,24/25,2024-01-07,0.6,26,0.0664697193500738,0.1329394387001477,0.1994091580502215,0.0,57.7,Fair Value,18
527329,Oliver Dovin,GB1,Premier League,990,Coventry City,23,Goalkeeper,Sweden,2000000.0,188.0,right,0,0,0,0.0,1900000.0,2500000.0,24/25,2024-07-19,0.95,23,0.0,0.0,0.0,0.0,43.4,Fair Value,1
121352,Ben Wilson,GB1,Premier League,990,Coventry City,33,Goalkeeper,England,300000.0,186.0,right,0,0,0,0.0,0.0,100000.0,19/20,2019-01-07,0.6,33,0.0,0.0,0.0,0.0,38.5,Overpriced,13
788283,Bobby Thomas,GB1,Premier League,990,Coventry City,25,Centre-Back,England,16000000.0,186.0,right,0,0,0,0.0,2300000.0,450000.0,23/24,2023-07-22,0.14375,25,0.0,0.0,0.0,0.0,51.4,Fair Value,4
534701,Liam Kitching,GB1,Premier League,990,Coventry City,26,Centre-Back,England,14000000.0,186.0,left,0,0,0,0.0,4600000.0,1000000.0,23/24,2023-01-09,0.3285714285714285,26,0.0,0.0,0.0,0.0,47.4,Fair Value,15
412823,Joel Latibeaudiere,GB1,Premier League,990,Coventry City,26,Centre-Back,Jamaica,3000000.0,180.0,right,0,0,0,0.0,0.0,1000000.0,23/24,2023-07-18,0.6,26,0.0,0.0,0.0,0.0,44.4,Fair Value,22
527425,Luke Woolfenden,GB1,Premier League,990,Coventry City,27,Centre-Back,England,2000000.0,193.0,right,0,0,1187,0.0,4600000.0,2000000.0,25/26,2025-01-09,2.3,27,0.0,0.0,0.0,0.0,33.7,Overpriced,26
258915,Jay Dasilva,GB1,Premier League,990,Coventry City,28,Left-Back,Wales,9000000.0,170.0,left,0,0,0,0.0,0.0,2200000.0,23/24,2023-01-07,0.6,28,0.0,0.0,0.0,0.0,41.2,Fair Value,3
713649,Miguel Ángel Brau,GB1,Premier League,990,Coventry City,24,Left-Back,Spain,1000000.0,183.0,left,0,0,0,0.0,0.0,1000000.0,25/26,2025-01-07,0.6,24,0.0,0.0,0.0,0.0,46.7,Fair Value,33
121250,Jake Bidwell,GB1,Premier League,990,Coventry City,33,Left-Back,England,600000.0,183.0,left,0,0,0,0.0,0.0,1800000.0,21/22,2022-01-17,0.6,33,0.0,0.0,0.0,0.0,38.5,Overpriced,21
587335,Milan van Ewijk,GB1,Premier League,990,Coventry City,25,Right-Back,Netherlands,22000000.0,175.0,right,0,0,0,0.0,5300000.0,7000000.0,23/24,2023-07-27,0.2409090909090909,25,0.0,0.0,0.0,0.0,50.0,Fair Value,27
128899,Jack Butland,GB1,Premier League,3008,Hull City,33,Goalkeeper,England,1500000.0,196.0,right,0,0,0,0.0,3500000.0,1500000.0,26/27,2026-02-07,2.333333333333333,33,0.0,0.0,0.0,0.0,26.4,High Risk,1
655877,Thimothée Lo-Tutala,GB1,Premier League,3008,Hull City,23,Goalkeeper,France,400000.0,191.0,right,0,0,0,0.0,0.0,400000.0,25/26,2026-06-30,0.6,23,0.0,0.0,0.0,0.0,46.7,Fair Value,29
308431,Dillon Phillips,GB1,Premier League,3008,Hull City,31,Goalkeeper,England,200000.0,188.0,right,0,0,0,0.0,0.0,275000.0,25/26,2025-01-07,0.6,31,0.0,0.0,0.0,0.0,38.9,Overpriced,12
712592,Harvey Cartwright,GB1,Premier League,3008,Hull City,24,Goalkeeper,England,150000.0,192.0,right,0,0,0,0.0,0.0,150000.0,25/26,2026-06-30,0.6,24,0.0,0.0,0.0,0.0,46.7,Fair Value,1
746357,Charlie Hughes,GB1,Premier League,3008,Hull City,22,Centre-Back,England,10000000.0,185.0,right,0,0,0,0.0,4700000.0,600000.0,24/25,2024-08-16,0.47,22,0.0,0.0,0.0,0.0,47.2,Fair Value,4
167268,Paddy McNair,GB1,Premier League,3008,Hull City,31,Centre-Back,Northern Ireland,1500000.0,189.0,right,0,0,0,0.0,0.0,2800000.0,25/26,2026-01-28,0.6,31,0.0,0.0,0.0,0.0,38.9,Overpriced,37
121324,John Egan,GB1,Premier League,3008,Hull City,33,Centre-Back,Ireland,1000000.0,185.0,right,0,0,0,0.0,0.0,1800000.0,24/25,2025-03-02,0.6,33,0.0,0.0,0.0,0.0,38.5,Overpriced,15
251912,Semi Ajayi,GB1,Premier League,3008,Hull City,32,Centre-Back,Nigeria,700000.0,193.0,right,0,0,0,0.0,0.0,1000000.0,25/26,2025-01-07,0.6,32,0.0,0.0,0.0,0.0,38.6,Overpriced,6
504581,Ryan Giles,GB1,Premier League,3008,Hull City,26,Left-Back,England,12000000.0,183.0,left,0,0,0,0.0,0.0,4500000.0,24/25,2025-06-30,0.6,26,0.0,0.0,0.0,0.0,44.4,Fair Value,3
729940,Matty Jacob,GB1,Premier League,3008,Hull City,25,Left-Back,England,400000.0,180.0,left,0,0,0,0.0,0.0,200000.0,25/26,2026-02-01,0.6,25,0.0,0.0,0.0,0.0,45.8,Fair Value,16
